brand,name,former_price,current_price,discount
Coach,HC6243U,$ 210.00,,
Oakley,OX8046 Airdrop™,$ 227.00,,
Ralph by Ralph Lauren,RA7170U,$ 141.00,,
Ray-Ban,RB3947V Round Gaze,$ 210.00,,
Vogue Eyewear,VO4274,$ 128.00,,
Coach,HC6235U,$ 219.00,,
Armani Exchange,AX1034,$ 153.00,,
Ray-Ban,RB8416 Optics,$ 276.00,,
Oakley,OX3036 Foil RQ,$ 172.00,,
Ralph by Ralph Lauren,RA7044,$ 157.00,,
Polo Ralph Lauren,PH2262,$ 181.00,,
Dolce & Gabbana,DG5099,$ 232.00,,
Oakley,OY8002 Crosslink® XS (Youth Fit),$ 135.00,,
Armani Exchange,AX3029,$ 132.00,,
Ralph by Ralph Lauren,RA7071,$ 141.00,,
Ray-Ban,RB5421 Optics,$ 210.00,,
Ray-Ban,RB5435 Optics,$ 189.00,,
Emporio Armani,EA1027,$ 183.00,,
Ray-Ban,RB5279 Optics,$ 186.00,,
Ralph by Ralph Lauren,RA6055,$ 171.00,,
Ray-Ban,RB7211 Optics,$ 189.00,,
Emporio Armani,EA3233,$ 210.00,,
Ralph by Ralph Lauren,RA7089,$ 157.00,,
Michael Kors,MK3012 Adrianna IV,$ 186.00,,
Oakley,OX8156 Holbrook™,$ 187.00,,
Scuderia Ferrari,FZ8006,$ 154.00,,
Ray-Ban,RB1536 Optics Kids,$ 110.00,,
Ray-Ban,RB5383 Burbank Optics,$ 222.00,,
Michael Kors,MK3070 Crested Butte,$ 164.00,,
Armani Exchange,AX1069,$ 132.00,,
Ray-Ban,RB5169 Optics,$ 186.00,,
Armani Exchange,AX1017,$ 138.00,,
Armani Exchange,AX1018,$ 153.00,,
Ray-Ban,RB5268 Optics,$ 176.00,,
Vogue Eyewear,VO5518,$ 128.00,,
Michael Kors,MK4060U Telluride,$ 161.00,,
Oakley,OX3249 Extender,$ 208.00,,
Versace,VE3304,$ 286.00,,
Vogue Eyewear,VO5305B,$ 181.00,,
Scuderia Ferrari,FZ7002,$ 191.00,,
Oakley,OX8078 Hyperlink,$ 187.00,,
Ralph by Ralph Lauren,RA7133U,$ 141.00,,
Michael Kors,MK4091 Palawan,$ 186.00,,
Arnette,AN7252 Kamaya,$ 98.00,,
Coach,HC6233U,$ 232.00,,
Tory Burch,TY2142U,$ 208.00,,
Oakley,OX8139A HSTN (Low Bridge Fit) Forge Collection,$ 187.00,,
Oakley,OX3232 Base Plane,$ 255.00,,
Ray-Ban,RB3447V Round Metal Optics,$ 210.00,,
Ray-Ban,RB7046 Erika Optics,$ 176.00,,
Ray-Ban,RB5228 Optics,$ 222.00,,
Ray-Ban,RB6448 Hexagonal Optics,$ 210.00,,
Oakley,OX5115 Wingfold™ EVS,$ 318.00,,
Ray-Ban,RB7185,$ 162.00,,
Oakley,OX8163 Centerboard,$ 187.00,,
Oakley,OX5152 Wire Tap 2.0,$ 387.00,,
Oakley,OX8055 Exchange,$ 242.00,,
Oakley,OX8140 Litebeam,$ 187.00,,
Polo Ralph Lauren,PH1190,$ 181.00,,
Ray-Ban,RB1591 Optics Kids,$ 110.00,,
Burberry,BE2073,$ 249.00,,
Tory Burch,TY2144U,$ 208.00,,
Armani Exchange,AX3108U,$ 132.00,,
Ray-Ban,RB5418 Optics,$ 210.00,,
Polo Ralph Lauren,PH2237U,$ 167.00,,
Ray-Ban,RB3758V Ari Optics,$ 176.00,,
Michael Kors,MK4110U Avila,$ 161.00,,
Vogue Eyewear,VO5420,$ 128.00,,
Oakley,OX3218 Socket 5.5,$ 227.00,,
Oakley,OX3222 Steel Plate™,$ 255.00,,
Ray-Ban,RB7159 Optics,$ 222.00,,
Armani Exchange,AX1064,$ 153.00,,
Ray-Ban,RB7330 Zena Optics Bio-based,$ 176.00,,
Vogue Eyewear,VO5424B,$ 167.00,,
Ray-Ban,RB6238 Optics,$ 222.00,,
Oakley,OX8058 The Cut,$ 172.00,,
Ray-Ban,RB5154 Clubmaster Optics,$ 222.00,,
Ray-Ban,RB6335 Optics,$ 210.00,,
Scuderia Ferrari,FZ7001,$ 191.00,,
Michael Kors,MK4030 Vivianna II,$ 161.00,,
Ray-Ban,RB8903 Optics,$ 276.00,,
Oakley,OX8178 Rafter,$ 172.00,,
Coach,HC6082,$ 219.00,,
Oakley,OX5148 Wingback SQ,$ 318.00,,
Ralph by Ralph Lauren,RA7146,$ 141.00,,
Oakley,OX8039 Chamfer™,$ 227.00,,
Oakley,OX8032 Hex Jector,$ 187.00,,
Ray-Ban,RB5440 Optics,$ 189.00,,
Coach,HC6040 Brooklyn,$ 232.00,,
Tory Burch,TY2084,$ 228.00,,
Armani Exchange,AX3053,$ 132.00,,
Oakley,OX8149 Pitchman™ R Carbon,$ 297.00,,
Emporio Armani,EA3227,$ 196.00,,
Oakley,OX3227 Fuller™,$ 242.00,,
Ray-Ban,RB3857V Frank Optics,$ 210.00,,
Coach,HC6172,$ 232.00,,
Coach,HC6197U,$ 219.00,,
Coach,HC5111,$ 232.00,,
Oakley,OX5099 TinCup™ 0.5 Ti,$ 414.00,,
Coach,HC6260U,$ 219.00,,
Ralph by Ralph Lauren,RA7158U,$ 141.00,,
Oakley,OX8060 Overhead,$ 172.00,,
Michael Kors,MK4135U Tortola,$ 161.00,,
Armani Exchange,AX3116,$ 125.00,,
